<?xml version="1.0" encoding="UTF-8"?>
<!DOCTYPE suite SYSTEM "http://testng.org/testng-1.0.dtd">
<suite name="Android自动化测试作业" parallel="tests" thread-count="1">
<!--   <test name="Run test 作业2">
    <parameter name="udid" value="udid" />
    <parameter name="deviceName" value="Google_Nexus_5X___6_0_0___API_23___1080x1920" />
    <classes>
      <class name="org.stuq.androidui.Quiz03"/>
    </classes>
  </test> -->
  <test name="Run test 作业3">
    <parameter name="udid" value="udid" />
    <parameter name="deviceName" value="Google_Nexus_5X___6_0_0___API_23___1080x1920" />
    <classes>
      <class name="org.stuq.androidui.Quiz02"/>
    </classes>
  </test>
</suite>